1.647191115803718908e+00,3.780551325031629162e+00,1.577081923462847790e+01
1.060402316939350165e+00,1.416371831010687643e+00,-1.129835427179362206e+01
2.259812577380732712e+00,2.200957257287920577e+00,1.858759051574238796e+01
4.361596701682606714e+00,7.878593692240927204e-01,-1.117541836000767574e+01
4.145024995103094412e+00,1.089515943195495495e+00,1.693417104975705456e+01
3.833880803901984269e+00,1.582364841907935249e+00,-1.340250954327779453e+01
4.199800876730034993e+00,1.771267393958559921e-01,1.579140986957937720e+01
4.180215006358613650e+00,1.704918189265983264e+00,-1.217871032414624821e+01
4.212799050090609398e+00,2.181082980229164914e+00,1.920677371745095741e+01
3.036832083462400078e+00,-2.097331457698899282e+00,-1.072768945901611382e+01
1.127476924602804020e+00,2.426557370998564167e+00,1.717603734089981060e+01
4.420684176963985967e-01,5.691431568171934074e+00,-1.167351341158463107e+01
1.127535497807379938e+00,4.544813847788417682e+00,1.715804448178595010e+01
6.353319780175815668e-01,6.591759595363034130e+00,-9.570623479317953652e+00
2.268777282527697281e+00,5.235203440918455797e+00,-6.836689499939163639e+00
2.216069064381517517e+00,3.655467801120927618e+00,-7.271678664355261112e+00
1.538807474219550109e+00,3.870946584831697734e+00,-7.425846575477825340e+00
7.666112082839937614e-01,4.018505311255581525e+00,-7.115026128561560803e+00
9.312395602691885266e-01,3.367700961166165907e+00,-9.772196592576142038e+00
3.149394288551534693e+00,2.514298936119251593e+00,1.502075442238749048e+01
3.909044278681908402e+00,1.665311524677820998e+01,3.691300716311146424e+00
-6.210154369074938341e-01,1.599948592757668564e+01,3.517945554037512856e+00
-5.581975190624932637e-02,6.836735426987890385e+00,1.477634443434382305e+01
3.089445320443190202e+00,7.116784797382168293e+00,-1.244632794926328856e+01
3.720383652089379378e+00,2.540250578749787547e+00,1.765586482507352883e+01
2.444025455235269373e+00,3.298228185273198498e+00,-1.163844058579077867e+01
1.837715252465110360e+00,3.050560500320528057e+00,1.409540032045691760e+01
2.242772996187759382e+00,4.762293603906570638e+00,1.428367316857760194e+01
2.812489681613351777e+00,6.748077900722450728e+00,-1.147322014505859755e+01
3.854515613978920729e+00,7.214792067940106968e+00,1.650181909541052150e+01
3.964500832790962548e+00,6.943425462909421420e+00,-1.091580568654754479e+01
1.488264335024188423e+00,1.708106589028133016e+01,2.113098171948287085e+00
1.992583327339267463e+00,7.758044109802137989e+00,1.451589832076780517e+01
3.149791422444604194e+00,1.710672938759020312e+01,3.506532367141647288e+00
9.184616275541522823e-01,1.247888863586409514e+01,1.216626965672241845e+01
4.444221954124337515e+00,9.692565049377938280e+00,-1.065661010865806624e+01
2.333290084439081813e+00,1.806020260217543694e+01,3.732714799509261105e+00
1.578856531070641056e+00,9.784749834751519160e+00,-2.372310528697994414e+00
